Image,Class
image22.jpg,misc
image37.jpg,Food
image40.jpg,Food
image54.jpg,misc
image63.jpg,Food
image68.jpg,Food
image75.jpg,Decorationandsignage
image76.jpg,Food
image82.jpg,Food
image85.jpg,Food
image100.jpg,Attire
image107.jpg,misc
image108.jpg,Attire
image109.jpg,Attire
image114.jpg,Food
image117.jpg,Attire
image119.jpg,misc
image120.jpg,misc
image122.jpg,Attire
image126.jpg,Food
image130.jpg,Food
image132.jpg,Food
image133.jpg,Attire
image141.jpg,Attire
image143.jpg,Food
image145.jpg,misc
image148.jpg,Food
image152.jpg,Food
image153.jpg,Food
image154.jpg,Food
image155.jpg,Decorationandsignage
image156.jpg,misc
image171.jpg,Food
image175.jpg,Food
image176.jpg,Attire
image178.jpg,Food
image194.jpg,Food
image197.jpg,Decorationandsignage
image206.jpg,Attire
image209.jpg,Attire
image213.jpg,misc
image215.jpg,Food
image217.jpg,Attire
image218.jpg,misc
image226.jpg,Attire
image234.jpg,Attire
image238.jpg,Attire
image239.jpg,Attire
image241.jpg,Attire
image244.jpg,misc
image252.jpg,Attire
image255.jpg,Food
image256.jpg,Food
image269.jpg,Food
image271.jpg,Attire
image272.jpg,Food
image279.jpg,Attire
image280.jpg,misc
image282.jpg,Food
image284.jpg,Decorationandsignage
image294.jpg,Attire
image297.jpg,Attire
image298.jpg,Attire
image303.jpg,Attire
image307.jpg,Food
image312.jpg,Attire
image314.jpg,misc
image318.jpg,Attire
image323.jpg,Decorationandsignage
image324.jpg,Food
image329.jpg,Food
image335.jpg,Food
image336.jpg,Attire
image339.jpg,Food
image347.jpg,misc
image350.jpg,Attire
image355.jpg,Decorationandsignage
image360.jpg,Attire
image362.jpg,Food
image364.jpg,Food
image365.jpg,misc
image367.jpg,Food
image371.jpg,Food
image373.jpg,Attire
image375.jpg,misc
image386.jpg,Decorationandsignage
image388.jpg,misc
image389.jpg,Decorationandsignage
image390.jpg,Food
image393.jpg,Food
image394.jpg,Food
image396.jpg,Food
image401.jpg,Food
image403.jpg,Food
image409.jpg,Food
image410.jpg,Food
image411.jpg,Attire
image416.jpg,Food
image423.jpg,Food
image424.jpg,Food
image438.jpg,Attire
image444.jpg,misc
image451.jpg,Food
image452.jpg,Attire
image455.jpg,Food
image457.jpg,Food
image458.jpg,Attire
image459.jpg,Attire
image461.jpg,Attire
image462.jpg,Food
image473.jpg,Food
image476.jpg,Food
image480.jpg,Food
image484.jpg,misc
image488.jpg,misc
image490.jpg,Food
image493.jpg,misc
image494.jpg,misc
image497.jpg,Attire
image502.jpg,Food
image503.jpg,Food
image505.jpg,misc
image511.jpg,Decorationandsignage
image513.jpg,Food
image514.jpg,Attire
image518.jpg,Decorationandsignage
image519.jpg,Decorationandsignage
image528.jpg,Food
image537.jpg,Food
image541.jpg,misc
image545.jpg,Food
image547.jpg,Attire
image548.jpg,Food
image549.jpg,Food
image552.jpg,Attire
image554.jpg,Decorationandsignage
image561.jpg,Food
image563.jpg,misc
image564.jpg,Food
image568.jpg,Food
image569.jpg,misc
image571.jpg,Food
image572.jpg,Attire
image578.jpg,Food
image580.jpg,Attire
image589.jpg,Food
image597.jpg,Food
image600.jpg,Food
image631.jpg,misc
image636.jpg,Attire
image649.jpg,Decorationandsignage
image652.jpg,Decorationandsignage
image656.jpg,Food
image658.jpg,Decorationandsignage
image660.jpg,misc
image662.jpg,Attire
image665.jpg,Food
image668.jpg,Attire
image675.jpg,Food
image682.jpg,Decorationandsignage
image685.jpg,misc
image689.jpg,Attire
image705.jpg,misc
image710.jpg,Attire
image712.jpg,Attire
image721.jpg,Food
image722.jpg,misc
image723.jpg,Attire
image725.jpg,Attire
image736.jpg,Food
image740.jpg,Decorationandsignage
image743.jpg,Food
image744.jpg,Food
image745.jpg,Food
image750.jpg,Decorationandsignage
image753.jpg,Attire
image759.jpg,Food
image761.jpg,Food
image770.jpg,Food
image784.jpg,misc
image792.jpg,Food
image796.jpg,Attire
image797.jpg,misc
image802.jpg,misc
image803.jpg,Decorationandsignage
image808.jpg,Food
image818.jpg,misc
image819.jpg,Attire
image824.jpg,Food
image832.jpg,misc
image837.jpg,misc
image845.jpg,Food
image846.jpg,misc
image848.jpg,Attire
image861.jpg,Attire
image866.jpg,Attire
image869.jpg,Decorationandsignage
image871.jpg,Attire
image878.jpg,Decorationandsignage
image884.jpg,Food
image892.jpg,Food
image895.jpg,Food
image896.jpg,Decorationandsignage
image905.jpg,Attire
image914.jpg,Food
image917.jpg,Food
image923.jpg,Decorationandsignage
image926.jpg,Food
image928.jpg,Decorationandsignage
image935.jpg,misc
image938.jpg,Attire
image951.jpg,Decorationandsignage
image953.jpg,Food
image956.jpg,Attire
image964.jpg,Food
image965.jpg,Food
image968.jpg,Attire
image974.jpg,Food
image979.jpg,misc
image989.jpg,Food
image994.jpg,Food
image995.jpg,misc
image1013.jpg,misc
image1022.jpg,Attire
image1024.jpg,Food
image1027.jpg,misc
image1035.jpg,Food
image1036.jpg,Food
image1037.jpg,Attire
image1038.jpg,Attire
image1039.jpg,Attire
image1049.jpg,misc
image1050.jpg,misc
image1052.jpg,misc
image1053.jpg,Food
image1054.jpg,Attire
image1055.jpg,Food
image1056.jpg,Food
image1057.jpg,Food
image1058.jpg,misc
image1059.jpg,Decorationandsignage
image1072.jpg,Food
image1074.jpg,Decorationandsignage
image1075.jpg,Attire
image1077.jpg,Food
image1079.jpg,Food
image1082.jpg,misc
image1084.jpg,misc
image1087.jpg,misc
image1092.jpg,Food
image1096.jpg,Food
image1098.jpg,Food
image1103.jpg,Attire
image1108.jpg,Attire
image1111.jpg,Food
image1112.jpg,Attire
image1118.jpg,Attire
image1120.jpg,Food
image1121.jpg,Attire
image1123.jpg,Food
image1124.jpg,Food
image1137.jpg,misc
image1142.jpg,Food
image1146.jpg,Food
image1151.jpg,misc
image1152.jpg,Decorationandsignage
image1163.jpg,Decorationandsignage
image1165.jpg,Food
image1168.jpg,Attire
image1175.jpg,Food
image1181.jpg,Decorationandsignage
image1193.jpg,misc
image1195.jpg,Food
image1198.jpg,Attire
image1202.jpg,Food
image1203.jpg,Food
image1206.jpg,Food
image1207.jpg,Attire
image1209.jpg,Food
image1215.jpg,Attire
image1220.jpg,Food
image1223.jpg,Food
image1224.jpg,Attire
image1231.jpg,Attire
image1232.jpg,misc
image1235.jpg,misc
image1236.jpg,Food
image1238.jpg,Attire
image1240.jpg,Food
image1243.jpg,Food
image1245.jpg,Decorationandsignage
image1247.jpg,Food
image1248.jpg,Food
image1250.jpg,Attire
image1258.jpg,Food
image1259.jpg,Food
image1260.jpg,Attire
image1262.jpg,misc
image1263.jpg,misc
image1267.jpg,Decorationandsignage
image1277.jpg,Food
image1284.jpg,Food
image1287.jpg,Attire
image1291.jpg,Food
image1303.jpg,Attire
image1306.jpg,Food
image1312.jpg,misc
image1318.jpg,Attire
image1320.jpg,Food
image1323.jpg,misc
image1325.jpg,Attire
image1328.jpg,Decorationandsignage
image1330.jpg,Food
image1332.jpg,Food
image1333.jpg,misc
image1335.jpg,Attire
image1341.jpg,Food
image1342.jpg,Attire
image1346.jpg,Attire
image1351.jpg,misc
image1355.jpg,misc
image1356.jpg,Attire
image1359.jpg,Food
image1361.jpg,Attire
image1362.jpg,misc
image1370.jpg,Food
image1375.jpg,Food
image1377.jpg,Decorationandsignage
image1385.jpg,Attire
image1391.jpg,Attire
image1399.jpg,misc
image1410.jpg,Attire
image1417.jpg,Decorationandsignage
image1426.jpg,Attire
image1429.jpg,Food
image1430.jpg,misc
image1432.jpg,misc
image1439.jpg,misc
image1449.jpg,Attire
image1452.jpg,Food
image1460.jpg,Food
image1465.jpg,misc
image1466.jpg,Attire
image1468.jpg,Food
image1471.jpg,Attire
image1477.jpg,Attire
image1478.jpg,misc
image1479.jpg,Food
image1480.jpg,misc
image1486.jpg,Decorationandsignage
image1490.jpg,Attire
image1491.jpg,Attire
image1492.jpg,Decorationandsignage
image1496.jpg,misc
image1497.jpg,Food
image1498.jpg,Attire
image1501.jpg,Food
image1503.jpg,Food
image1512.jpg,Decorationandsignage
image1516.jpg,Decorationandsignage
image1519.jpg,misc
image1523.jpg,Food
image1524.jpg,Food
image1525.jpg,misc
image1530.jpg,Attire
image1534.jpg,Food
image1535.jpg,misc
image1539.jpg,Food
image1540.jpg,Attire
image1544.jpg,Food
image1546.jpg,Food
image1549.jpg,Food
image1552.jpg,Attire
image1553.jpg,Food
image1556.jpg,misc
image1558.jpg,Attire
image1562.jpg,Decorationandsignage
image1565.jpg,Attire
image1569.jpg,Attire
image1570.jpg,Food
image1572.jpg,Food
image1573.jpg,Decorationandsignage
image1576.jpg,Food
image1580.jpg,Food
image1588.jpg,Attire
image1591.jpg,Decorationandsignage
image1594.jpg,Food
image1597.jpg,Food
image1601.jpg,Attire
image1602.jpg,Food
image1603.jpg,Food
image1609.jpg,Food
image1613.jpg,Attire
image1618.jpg,misc
image1624.jpg,Food
image1625.jpg,Food
image1629.jpg,misc
image1642.jpg,misc
image1643.jpg,Attire
image1644.jpg,Food
image1649.jpg,Food
image1650.jpg,Food
image1653.jpg,Food
image1654.jpg,Attire
image1662.jpg,Food
image1665.jpg,Attire
image1666.jpg,misc
image1673.jpg,Attire
image1674.jpg,misc
image1691.jpg,Attire
image1692.jpg,Attire
image1695.jpg,Attire
image1696.jpg,Food
image1716.jpg,Food
image1718.jpg,Food
image1721.jpg,Attire
image1722.jpg,Food
image1730.jpg,Food
image1731.jpg,Food
image1736.jpg,Food
image1737.jpg,Food
image1752.jpg,misc
image1756.jpg,Food
image1766.jpg,Food
image1767.jpg,Food
image1768.jpg,Decorationandsignage
image1773.jpg,Food
image1774.jpg,Attire
image1775.jpg,misc
image1778.jpg,Food
image1781.jpg,Food
image1783.jpg,Food
image1788.jpg,misc
image1791.jpg,Food
image1795.jpg,Food
image1797.jpg,misc
image1804.jpg,Food
image1813.jpg,Food
image1815.jpg,Attire
image1816.jpg,misc
image1822.jpg,Food
image1826.jpg,Food
image1828.jpg,Attire
image1829.jpg,misc
image1831.jpg,misc
image1840.jpg,Food
image1846.jpg,Attire
image1855.jpg,Attire
image1856.jpg,Attire
image1857.jpg,Attire
image1869.jpg,Food
image1871.jpg,Food
image1872.jpg,misc
image1874.jpg,Attire
image1886.jpg,Attire
image1887.jpg,Attire
image1897.jpg,Food
image1902.jpg,misc
image1906.jpg,Attire
image1915.jpg,Food
image1917.jpg,Decorationandsignage
image1920.jpg,Attire
image1924.jpg,misc
image1926.jpg,Attire
image1927.jpg,Attire
image1929.jpg,Attire
image1938.jpg,Food
image1943.jpg,Food
image1948.jpg,Decorationandsignage
image1954.jpg,Attire
image1958.jpg,Decorationandsignage
image1960.jpg,misc
image1961.jpg,Food
image1962.jpg,Decorationandsignage
image1964.jpg,misc
image1969.jpg,Food
image1978.jpg,misc
image1982.jpg,misc
image1984.jpg,misc
image1985.jpg,Decorationandsignage
image1990.jpg,Attire
image1993.jpg,Attire
image1994.jpg,Food
image2001.jpg,misc
image2007.jpg,Attire
image2013.jpg,Attire
image2024.jpg,Food
image2028.jpg,Attire
image2032.jpg,Food
image2035.jpg,misc
image2038.jpg,Food
image2039.jpg,Food
image2041.jpg,Attire
image2045.jpg,Attire
image2049.jpg,misc
image2052.jpg,Attire
image2053.jpg,Food
image2054.jpg,Food
image2058.jpg,Attire
image2064.jpg,Attire
image2085.jpg,misc
image2091.jpg,Decorationandsignage
image2096.jpg,Attire
image2107.jpg,misc
image2109.jpg,Decorationandsignage
image2111.jpg,Food
image2116.jpg,Attire
image2118.jpg,misc
image2129.jpg,misc
image2130.jpg,misc
image2133.jpg,Food
image2134.jpg,Attire
image2135.jpg,misc
image2137.jpg,misc
image2138.jpg,Decorationandsignage
image2139.jpg,Food
image2142.jpg,Food
image2145.jpg,Food
image2146.jpg,misc
image2148.jpg,Decorationandsignage
image2149.jpg,Food
image2152.jpg,Food
image2154.jpg,Food
image2155.jpg,Attire
image2159.jpg,Food
image2165.jpg,misc
image2167.jpg,Food
image2172.jpg,misc
image2175.jpg,misc
image2177.jpg,Decorationandsignage
image2179.jpg,Attire
image2184.jpg,Attire
image2194.jpg,misc
image2205.jpg,misc
image2207.jpg,Attire
image2216.jpg,Attire
image2217.jpg,Food
image2220.jpg,misc
image2221.jpg,Decorationandsignage
image2226.jpg,Decorationandsignage
image2233.jpg,Attire
image2237.jpg,Attire
image2238.jpg,misc
image2242.jpg,Food
image2243.jpg,Food
image2252.jpg,misc
image2253.jpg,Food
image2256.jpg,Food
image2274.jpg,Attire
image2276.jpg,Food
image2278.jpg,Food
image2279.jpg,misc
image2280.jpg,Decorationandsignage
image2281.jpg,Food
image2284.jpg,misc
image2286.jpg,Attire
image2287.jpg,misc
image2292.jpg,Food
image2297.jpg,Attire
image2314.jpg,misc
image2317.jpg,Attire
image2320.jpg,Attire
image2323.jpg,Food
image2325.jpg,misc
image2327.jpg,misc
image2330.jpg,Food
image2331.jpg,Attire
image2333.jpg,Attire
image2335.jpg,Food
image2337.jpg,Food
image2338.jpg,Attire
image2339.jpg,misc
image2343.jpg,Attire
image2344.jpg,Food
image2349.jpg,Attire
image2352.jpg,Attire
image2354.jpg,Food
image2359.jpg,Food
image2360.jpg,Decorationandsignage
image2363.jpg,misc
image2365.jpg,Food
image2368.jpg,Food
image2372.jpg,Food
image2376.jpg,misc
image2382.jpg,Decorationandsignage
image2386.jpg,Food
image2387.jpg,Decorationandsignage
image2391.jpg,Food
image2400.jpg,misc
image2410.jpg,Food
image2422.jpg,Attire
image2423.jpg,Food
image2425.jpg,Food
image2427.jpg,Food
image2428.jpg,Food
image2430.jpg,Attire
image2432.jpg,Attire
image2435.jpg,Food
image2440.jpg,misc
image2441.jpg,misc
image2442.jpg,Food
image2444.jpg,Food
image2445.jpg,Decorationandsignage
image2448.jpg,Food
image2457.jpg,Decorationandsignage
image2461.jpg,misc
image2465.jpg,Food
image2467.jpg,Food
image2475.jpg,misc
image2479.jpg,misc
image2483.jpg,misc
image2493.jpg,Attire
image2497.jpg,Decorationandsignage
image2500.jpg,Food
image2503.jpg,Attire
image2504.jpg,Food
image2505.jpg,Food
image2507.jpg,Food
image2509.jpg,Food
image2510.jpg,Attire
image2511.jpg,misc
image2518.jpg,Food
image2520.jpg,Food
image2524.jpg,Food
image2528.jpg,Food
image2540.jpg,Attire
image2543.jpg,Food
image2544.jpg,Food
image2548.jpg,misc
image2550.jpg,Attire
image2552.jpg,Food
image2565.jpg,Food
image2566.jpg,misc
image2570.jpg,Food
image2575.jpg,Decorationandsignage
image2579.jpg,misc
image2580.jpg,Decorationandsignage
image2593.jpg,Attire
image2595.jpg,Attire
image2597.jpg,Attire
image2601.jpg,Food
image2608.jpg,Attire
image2610.jpg,Food
image2611.jpg,Food
image2613.jpg,misc
image2619.jpg,Attire
image2621.jpg,misc
image2627.jpg,misc
image2633.jpg,Attire
image2634.jpg,Attire
image2639.jpg,misc
image2640.jpg,Food
image2641.jpg,Food
image2643.jpg,Food
image2650.jpg,Attire
image2653.jpg,Attire
image2659.jpg,Food
image2665.jpg,misc
image2666.jpg,misc
image2668.jpg,Decorationandsignage
image2675.jpg,Food
image2682.jpg,Food
image2684.jpg,Food
image2690.jpg,misc
image2700.jpg,Attire
image2701.jpg,Food
image2702.jpg,Food
image2708.jpg,Food
image2711.jpg,Attire
image2719.jpg,Attire
image2722.jpg,Food
image2726.jpg,Attire
image2728.jpg,misc
image2729.jpg,misc
image2730.jpg,misc
image2731.jpg,Attire
image2736.jpg,Food
image2738.jpg,Food
image2739.jpg,Attire
image2742.jpg,misc
image2745.jpg,misc
image2747.jpg,Attire
image2748.jpg,misc
image2750.jpg,misc
image2751.jpg,Food
image2753.jpg,Attire
image2757.jpg,Attire
image2759.jpg,misc
image2762.jpg,Decorationandsignage
image2764.jpg,misc
image2767.jpg,Food
image2772.jpg,Attire
image2773.jpg,Attire
image2774.jpg,Attire
image2777.jpg,Food
image2789.jpg,misc
image2794.jpg,Attire
image2806.jpg,Food
image2814.jpg,Attire
image2815.jpg,misc
image2818.jpg,Attire
image2823.jpg,Food
image2833.jpg,misc
image2834.jpg,Attire
image2835.jpg,misc
image2838.jpg,Food
image2846.jpg,Attire
image2848.jpg,Attire
image2850.jpg,Attire
image2856.jpg,Attire
image2857.jpg,Attire
image2866.jpg,Food
image2867.jpg,Food
image2870.jpg,Food
image2873.jpg,Food
image2875.jpg,Attire
image2876.jpg,Food
image2878.jpg,Attire
image2884.jpg,misc
image2888.jpg,Attire
image2891.jpg,Food
image2894.jpg,Attire
image2896.jpg,Food
image2910.jpg,misc
image2912.jpg,Attire
image2914.jpg,Food
image2918.jpg,misc
image2919.jpg,Food
image2925.jpg,Food
image2928.jpg,Food
image2932.jpg,Attire
image2934.jpg,Decorationandsignage
image2938.jpg,Decorationandsignage
image2951.jpg,Attire
image2953.jpg,Food
image2955.jpg,Food
image2956.jpg,Attire
image2960.jpg,misc
image2964.jpg,Attire
image2974.jpg,Food
image2977.jpg,Food
image2982.jpg,Attire
image2983.jpg,Food
image2984.jpg,Attire
image2989.jpg,Food
image2995.jpg,misc
image3001.jpg,Attire
image3005.jpg,Food
image3006.jpg,misc
image3014.jpg,Attire
image3015.jpg,Decorationandsignage
image3019.jpg,misc
image3021.jpg,Attire
image3023.jpg,misc
image3025.jpg,Decorationandsignage
image3026.jpg,misc
image3028.jpg,Food
image3032.jpg,Food
image3039.jpg,Food
image3047.jpg,misc
image3052.jpg,Attire
image3055.jpg,Food
image3056.jpg,Attire
image3057.jpg,Food
image3058.jpg,Attire
image3062.jpg,Food
image3063.jpg,Food
image3064.jpg,misc
image3079.jpg,Food
image3081.jpg,Attire
image3082.jpg,Food
image3085.jpg,Attire
image3086.jpg,misc
image3090.jpg,misc
image3092.jpg,Food
image3094.jpg,Attire
image3096.jpg,Food
image3097.jpg,Attire
image3106.jpg,misc
image3109.jpg,misc
image3112.jpg,misc
image3117.jpg,misc
image3122.jpg,misc
image3124.jpg,misc
image3126.jpg,Attire
image3127.jpg,Decorationandsignage
image3136.jpg,Food
image3141.jpg,Food
image3142.jpg,Attire
image3143.jpg,Attire
image3144.jpg,Attire
image3147.jpg,misc
image3150.jpg,Attire
image3153.jpg,Food
image3166.jpg,Attire
image3168.jpg,Food
image3173.jpg,Food
image3176.jpg,Food
image3177.jpg,Attire
image3183.jpg,Attire
image3192.jpg,Attire
image3193.jpg,Food
image3194.jpg,Food
image3196.jpg,Food
image3198.jpg,Attire
image3211.jpg,Decorationandsignage
image3214.jpg,misc
image3215.jpg,Food
image3216.jpg,Attire
image3218.jpg,Decorationandsignage
image3221.jpg,Attire
image3227.jpg,Food
image3228.jpg,Food
image3233.jpg,misc
image3234.jpg,Decorationandsignage
image3235.jpg,Decorationandsignage
image3237.jpg,Attire
image3239.jpg,Food
image3243.jpg,Food
image3245.jpg,Food
image3246.jpg,Food
image3248.jpg,misc
image3250.jpg,Food
image3256.jpg,Attire
image3260.jpg,Food
image3270.jpg,misc
image3271.jpg,Attire
image3272.jpg,misc
image3274.jpg,Food
image3277.jpg,misc
image3278.jpg,Food
image3279.jpg,Attire
image3280.jpg,misc
image3283.jpg,Food
image3289.jpg,misc
image3299.jpg,Food
image3301.jpg,Food
image3305.jpg,Attire
image3307.jpg,Attire
image3319.jpg,Food
image3320.jpg,Food
image3326.jpg,Attire
image3328.jpg,misc
image3329.jpg,Food
image3335.jpg,Attire
image3337.jpg,Decorationandsignage
image3340.jpg,Food
image3348.jpg,Attire
image3349.jpg,Attire
image3352.jpg,Food
image3353.jpg,Attire
image3354.jpg,Food
image3356.jpg,Food
image3357.jpg,Attire
image3359.jpg,misc
image3362.jpg,Attire
image3367.jpg,misc
image3368.jpg,Food
image3377.jpg,Food
image3382.jpg,Decorationandsignage
image3387.jpg,misc
image3388.jpg,Attire
image3391.jpg,Attire
image3398.jpg,Attire
image3399.jpg,Decorationandsignage
image3402.jpg,Food
image3409.jpg,Attire
image3410.jpg,Attire
image3411.jpg,Food
image3417.jpg,Food
image3422.jpg,Attire
image3423.jpg,Attire
image3425.jpg,misc
image3426.jpg,misc
image3427.jpg,Attire
image3428.jpg,Food
image3429.jpg,Attire
image3431.jpg,Decorationandsignage
image3434.jpg,Attire
image3437.jpg,Food
image3440.jpg,Food
image3441.jpg,Attire
image3442.jpg,misc
image3444.jpg,Food
image3448.jpg,Food
image3449.jpg,Attire
image3463.jpg,Attire
image3470.jpg,Food
image3471.jpg,misc
image3472.jpg,misc
image3480.jpg,Attire
image3481.jpg,Food
image3483.jpg,misc
image3491.jpg,Attire
image3494.jpg,Attire
image3496.jpg,Attire
image3500.jpg,misc
image3501.jpg,Food
image3503.jpg,Attire
image3511.jpg,Food
image3527.jpg,Attire
image3529.jpg,Food
image3536.jpg,Food
image3537.jpg,Decorationandsignage
image3538.jpg,Food
image3544.jpg,Food
image3550.jpg,Decorationandsignage
image3551.jpg,Food
image3552.jpg,misc
image3554.jpg,Food
image3560.jpg,Food
image3561.jpg,misc
image3562.jpg,Food
image3565.jpg,Decorationandsignage
image3566.jpg,misc
image3570.jpg,Attire
image3571.jpg,Decorationandsignage
image3574.jpg,Food
image3575.jpg,Attire
image3579.jpg,misc
image3586.jpg,Food
image3591.jpg,Attire
image3595.jpg,Food
image3600.jpg,Decorationandsignage
image3608.jpg,misc
image3610.jpg,misc
image3615.jpg,Decorationandsignage
image3616.jpg,Attire
image3619.jpg,Attire
image3621.jpg,Attire
image3625.jpg,Decorationandsignage
image3627.jpg,Decorationandsignage
image3628.jpg,Attire
image3634.jpg,Food
image3642.jpg,Food
image3644.jpg,Food
image3648.jpg,misc
image3652.jpg,Attire
image3653.jpg,Attire
image3661.jpg,Food
image3666.jpg,misc
image3668.jpg,Attire
image3671.jpg,Food
image3675.jpg,misc
image3677.jpg,Food
image3679.jpg,Attire
image3680.jpg,Decorationandsignage
image3684.jpg,Attire
image3689.jpg,Food
image3690.jpg,misc
image3691.jpg,Attire
image3695.jpg,Attire
image3709.jpg,Attire
image3714.jpg,Food
image3720.jpg,Food
image3721.jpg,Attire
image3724.jpg,Attire
image3726.jpg,misc
image3728.jpg,Food
image3734.jpg,Food
image3736.jpg,Attire
image3738.jpg,Decorationandsignage
image3739.jpg,Food
image3740.jpg,Decorationandsignage
image3745.jpg,Decorationandsignage
image3760.jpg,misc
image3762.jpg,Food
image3765.jpg,misc
image3766.jpg,Attire
image3776.jpg,Food
image3777.jpg,misc
image3783.jpg,Attire
image3798.jpg,misc
image3812.jpg,Food
image3813.jpg,misc
image3814.jpg,Attire
image3828.jpg,misc
image3829.jpg,Food
image3830.jpg,misc
image3835.jpg,Attire
image3839.jpg,Food
image3850.jpg,Attire
image3859.jpg,Attire
image3862.jpg,Food
image3864.jpg,Attire
image3865.jpg,Food
image3867.jpg,Attire
image3870.jpg,Decorationandsignage
image3871.jpg,Decorationandsignage
image3872.jpg,Attire
image3876.jpg,Food
image3883.jpg,Food
image3888.jpg,Food
image3889.jpg,misc
image3895.jpg,Food
image3896.jpg,Food
image3897.jpg,Decorationandsignage
image3908.jpg,Decorationandsignage
image3922.jpg,Attire
image3923.jpg,misc
image3925.jpg,misc
image3926.jpg,Attire
image3935.jpg,misc
image3939.jpg,Decorationandsignage
image3945.jpg,Food
image3948.jpg,Food
image3951.jpg,Decorationandsignage
image3961.jpg,Food
image3964.jpg,Food
image3970.jpg,Attire
image3975.jpg,misc
image3978.jpg,Attire
image3989.jpg,misc
image3994.jpg,misc
image3996.jpg,Decorationandsignage
image3999.jpg,Attire
image4002.jpg,misc
image4008.jpg,Attire
image4010.jpg,misc
image4013.jpg,misc
image4017.jpg,Attire
image4018.jpg,misc
image4019.jpg,Attire
image4030.jpg,Attire
image4031.jpg,misc
image4032.jpg,Food
image4034.jpg,misc
image4038.jpg,Food
image4040.jpg,Attire
image4043.jpg,Attire
image4046.jpg,misc
image4053.jpg,Attire
image4054.jpg,misc
image4056.jpg,Food
image4057.jpg,Food
image4059.jpg,Attire
image4063.jpg,Decorationandsignage
image4067.jpg,misc
image4068.jpg,Food
image4070.jpg,Attire
image4073.jpg,Attire
image4074.jpg,misc
image4086.jpg,Food
image4093.jpg,Decorationandsignage
image4100.jpg,Attire
image4101.jpg,misc
image4104.jpg,Attire
image4113.jpg,Attire
image4123.jpg,Food
image4125.jpg,Food
image4127.jpg,Attire
image4128.jpg,Attire
image4134.jpg,misc
image4135.jpg,Decorationandsignage
image4147.jpg,misc
image4151.jpg,Food
image4152.jpg,Food
image4156.jpg,misc
image4160.jpg,Food
image4169.jpg,Food
image4173.jpg,Food
image4181.jpg,Food
image4183.jpg,Food
image4184.jpg,Attire
image4185.jpg,Attire
image4186.jpg,misc
image4196.jpg,Food
image4199.jpg,Food
image4200.jpg,Decorationandsignage
image4205.jpg,misc
image4207.jpg,Attire
image4211.jpg,misc
image4212.jpg,Food
image4214.jpg,misc
image4220.jpg,Food
image4222.jpg,misc
image4223.jpg,Food
image4225.jpg,Attire
image4228.jpg,Food
image4231.jpg,Food
image4234.jpg,Attire
image4237.jpg,misc
image4245.jpg,Food
image4250.jpg,misc
image4252.jpg,Attire
image4253.jpg,Attire
image4259.jpg,Food
image4263.jpg,Attire
image4264.jpg,Attire
image4268.jpg,Attire
image4270.jpg,misc
image4271.jpg,Attire
image4274.jpg,misc
image4276.jpg,Attire
image4278.jpg,Decorationandsignage
image4284.jpg,Food
image4291.jpg,Decorationandsignage
image4293.jpg,Attire
image4297.jpg,Food
image4299.jpg,Food
image4302.jpg,Attire
image4303.jpg,Attire
image4308.jpg,Attire
image4311.jpg,Decorationandsignage
image4315.jpg,Attire
image4319.jpg,Food
image4323.jpg,Decorationandsignage
image4325.jpg,Food
image4330.jpg,Attire
image4331.jpg,misc
image4332.jpg,Food
image4334.jpg,Attire
image4335.jpg,misc
image4337.jpg,Attire
image4340.jpg,Food
image4341.jpg,Attire
image4342.jpg,Food
image4344.jpg,Food
image4345.jpg,Attire
image4355.jpg,Food
image4362.jpg,Food
image4363.jpg,Attire
image4373.jpg,Food
image4375.jpg,Attire
image4376.jpg,Food
image4377.jpg,Food
image4381.jpg,Decorationandsignage
image4382.jpg,misc
image4387.jpg,Food
image4392.jpg,Decorationandsignage
image4393.jpg,Food
image4399.jpg,misc
image4401.jpg,Attire
image4412.jpg,misc
image4421.jpg,misc
image4431.jpg,misc
image4434.jpg,Food
image4440.jpg,Attire
image4442.jpg,misc
image4445.jpg,misc
image4446.jpg,misc
image4448.jpg,Food
image4452.jpg,Attire
image4456.jpg,Attire
image4459.jpg,Food
image4460.jpg,Attire
image4461.jpg,Attire
image4465.jpg,Attire
image4468.jpg,Food
image4473.jpg,Attire
image4475.jpg,Food
image4476.jpg,Attire
image4477.jpg,Food
image4478.jpg,misc
image4480.jpg,Attire
image4481.jpg,Attire
image4487.jpg,Decorationandsignage
image4503.jpg,Food
image4506.jpg,Decorationandsignage
image4510.jpg,Attire
image4513.jpg,misc
image4514.jpg,Decorationandsignage
image4519.jpg,Food
image4527.jpg,Attire
image4532.jpg,Food
image4546.jpg,Food
image4547.jpg,Food
image4549.jpg,misc
image4556.jpg,Food
image4557.jpg,Food
image4564.jpg,Decorationandsignage
image4565.jpg,Attire
image4567.jpg,misc
image4569.jpg,Food
image4583.jpg,misc
image4585.jpg,misc
image4590.jpg,Attire
image4596.jpg,Food
image4597.jpg,Attire
image4601.jpg,Food
image4604.jpg,Food
image4605.jpg,misc
image4607.jpg,Food
image4611.jpg,Food
image4625.jpg,Food
image4627.jpg,Attire
image4628.jpg,Food
image4630.jpg,Food
image4635.jpg,Attire
image4639.jpg,misc
image4640.jpg,misc
image4645.jpg,Attire
image4646.jpg,misc
image4650.jpg,misc
image4651.jpg,Attire
image4654.jpg,Decorationandsignage
image4658.jpg,Food
image4659.jpg,Attire
image4665.jpg,Food
image4666.jpg,misc
image4674.jpg,misc
image4675.jpg,Food
image4677.jpg,Food
image4678.jpg,Food
image4680.jpg,Attire
image4682.jpg,Food
image4691.jpg,Food
image4692.jpg,misc
image4697.jpg,misc
image4699.jpg,Attire
image4704.jpg,Attire
image4706.jpg,Decorationandsignage
image4712.jpg,Food
image4717.jpg,Food
image4718.jpg,Food
image4719.jpg,Decorationandsignage
image4721.jpg,Food
image4722.jpg,Food
image4724.jpg,Attire
image4732.jpg,Food
image4736.jpg,Attire
image4740.jpg,Attire
image4742.jpg,Food
image4746.jpg,Attire
image4749.jpg,Decorationandsignage
image4751.jpg,Food
image4752.jpg,Food
image4754.jpg,Attire
image4756.jpg,Food
image4759.jpg,misc
image4766.jpg,Food
image4767.jpg,Decorationandsignage
image4769.jpg,Attire
image4770.jpg,Food
image4771.jpg,Food
image4772.jpg,Food
image4775.jpg,Decorationandsignage
image4780.jpg,Food
image4781.jpg,Decorationandsignage
image4782.jpg,misc
image4786.jpg,Attire
image4791.jpg,Attire
image4793.jpg,Food
image4799.jpg,misc
image4800.jpg,Decorationandsignage
image4802.jpg,Attire
image4804.jpg,Food
image4805.jpg,Attire
image4807.jpg,Food
image4811.jpg,Attire
image4819.jpg,Attire
image4821.jpg,Food
image4822.jpg,Food
image4827.jpg,misc
image4835.jpg,misc
image4836.jpg,Attire
image4837.jpg,Attire
image4838.jpg,misc
image4839.jpg,Food
image4843.jpg,misc
image4846.jpg,Food
image4848.jpg,misc
image4851.jpg,Attire
image4853.jpg,Food
image4854.jpg,Food
image4857.jpg,Food
image4858.jpg,Decorationandsignage
image4860.jpg,Attire
image4861.jpg,Attire
image4863.jpg,Food
image4866.jpg,misc
image4867.jpg,Decorationandsignage
image4877.jpg,Food
image4884.jpg,Attire
image4886.jpg,Food
image4889.jpg,Food
image4890.jpg,Food
image4892.jpg,Attire
image4895.jpg,Attire
image4897.jpg,misc
image4900.jpg,Attire
image4901.jpg,misc
image4902.jpg,Food
image4903.jpg,misc
image4906.jpg,misc
image4907.jpg,Food
image4910.jpg,Attire
image4911.jpg,Food
image4913.jpg,Food
image4914.jpg,Food
image4917.jpg,misc
image4918.jpg,Food
image4919.jpg,Attire
image4921.jpg,Food
image4923.jpg,Attire
image4924.jpg,Food
image4929.jpg,Decorationandsignage
image4931.jpg,Food
image4932.jpg,Attire
image4938.jpg,Attire
image4939.jpg,Attire
image4949.jpg,Food
image4955.jpg,Decorationandsignage
image4957.jpg,Food
image4961.jpg,Food
image4967.jpg,misc
image4968.jpg,Food
image4970.jpg,Decorationandsignage
image4972.jpg,Attire
image4977.jpg,Food
image4982.jpg,Attire
image4983.jpg,Food
image4984.jpg,Attire
image4986.jpg,misc
image5003.jpg,misc
image5008.jpg,misc
image5015.jpg,Attire
image5016.jpg,misc
image5019.jpg,Attire
image5020.jpg,Decorationandsignage
image5024.jpg,misc
image5026.jpg,Food
image5030.jpg,Attire
image5032.jpg,misc
image5038.jpg,misc
image5041.jpg,misc
image5042.jpg,Food
image5044.jpg,misc
image5045.jpg,Decorationandsignage
image5046.jpg,Food
image5048.jpg,misc
image5049.jpg,Attire
image5050.jpg,Attire
image5057.jpg,Food
image5062.jpg,Food
image5073.jpg,Food
image5077.jpg,Food
image5082.jpg,Attire
image5083.jpg,misc
image5084.jpg,Attire
image5095.jpg,Food
image5097.jpg,Food
image5099.jpg,Attire
image5101.jpg,Food
image5102.jpg,Attire
image5107.jpg,Attire
image5111.jpg,Attire
image5112.jpg,misc
image5119.jpg,Food
image5123.jpg,misc
image5124.jpg,misc
image5125.jpg,Attire
image5126.jpg,Food
image5130.jpg,Food
image5135.jpg,Attire
image5136.jpg,Food
image5137.jpg,Decorationandsignage
image5140.jpg,Attire
image5143.jpg,misc
image5146.jpg,Food
image5149.jpg,Attire
image5150.jpg,misc
image5152.jpg,misc
image5156.jpg,Attire
image5157.jpg,Attire
image5165.jpg,Food
image5169.jpg,misc
image5170.jpg,Attire
image5171.jpg,Attire
image5173.jpg,Attire
image5176.jpg,Food
image5177.jpg,misc
image5181.jpg,misc
image5182.jpg,Attire
image5188.jpg,Attire
image5189.jpg,Attire
image5198.jpg,Food
image5207.jpg,Attire
image5210.jpg,Food
image5211.jpg,misc
image5213.jpg,Food
image5215.jpg,misc
image5216.jpg,Food
image5226.jpg,misc
image5227.jpg,Food
image5230.jpg,Food
image5234.jpg,Food
image5236.jpg,Food
image5240.jpg,Food
image5242.jpg,misc
image5244.jpg,Attire
image5245.jpg,Food
image5246.jpg,Food
image5248.jpg,Attire
image5249.jpg,Decorationandsignage
image5250.jpg,misc
image5253.jpg,Attire
image5255.jpg,Decorationandsignage
image5256.jpg,Food
image5264.jpg,Food
image5266.jpg,Food
image5268.jpg,Attire
image5270.jpg,Food
image5271.jpg,misc
image5272.jpg,Food
image5274.jpg,misc
image5275.jpg,Food
image5279.jpg,misc
image5283.jpg,Attire
image5295.jpg,Food
image5299.jpg,Food
image5310.jpg,misc
image5311.jpg,Decorationandsignage
image5315.jpg,Decorationandsignage
image5316.jpg,misc
image5319.jpg,Attire
image5324.jpg,misc
image5325.jpg,Attire
image5326.jpg,Attire
image5327.jpg,Food
image5330.jpg,Attire
image5331.jpg,Food
image5332.jpg,Food
image5335.jpg,misc
image5337.jpg,Food
image5347.jpg,misc
image5350.jpg,Food
image5351.jpg,Decorationandsignage
image5355.jpg,misc
image5356.jpg,Food
image5357.jpg,misc
image5361.jpg,misc
image5362.jpg,misc
image5364.jpg,Food
image5367.jpg,misc
image5368.jpg,misc
image5371.jpg,Attire
image5377.jpg,Food
image5382.jpg,Food
image5385.jpg,Food
image5389.jpg,Attire
image5392.jpg,misc
image5395.jpg,misc
image5398.jpg,Food
image5399.jpg,Attire
image5404.jpg,Food
image5407.jpg,misc
image5408.jpg,Attire
image5411.jpg,Attire
image5417.jpg,Attire
image5420.jpg,Food
image5421.jpg,Attire
image5423.jpg,Attire
image5424.jpg,Attire
image5425.jpg,misc
image5427.jpg,Food
image5432.jpg,misc
image5433.jpg,Decorationandsignage
image5435.jpg,Food
image5437.jpg,misc
image5439.jpg,Food
image5443.jpg,Decorationandsignage
image5445.jpg,Food
image5448.jpg,misc
image5450.jpg,Food
image5451.jpg,Attire
image5455.jpg,Attire
image5460.jpg,Food
image5466.jpg,Food
image5467.jpg,Decorationandsignage
image5468.jpg,Food
image5470.jpg,misc
image5472.jpg,Food
image5474.jpg,Attire
image5475.jpg,Food
image5476.jpg,misc
image5477.jpg,Attire
image5478.jpg,Food
image5481.jpg,Food
image5482.jpg,Food
image5486.jpg,Food
image5488.jpg,Food
image5493.jpg,Decorationandsignage
image5500.jpg,Food
image5502.jpg,Attire
image5511.jpg,Food
image5520.jpg,misc
image5522.jpg,Attire
image5527.jpg,Attire
image5533.jpg,Attire
image5535.jpg,Attire
image5537.jpg,misc
image5538.jpg,misc
image5539.jpg,misc
image5541.jpg,misc
image5542.jpg,Food
image5546.jpg,Food
image5552.jpg,Attire
image5555.jpg,Attire
image5565.jpg,Food
image5569.jpg,Food
image5572.jpg,Decorationandsignage
image5574.jpg,Attire
image5577.jpg,Attire
image5579.jpg,Attire
image5583.jpg,Food
image5587.jpg,Attire
image5588.jpg,Attire
image5590.jpg,Food
image5591.jpg,Attire
image5592.jpg,Food
image5595.jpg,Food
image5596.jpg,Attire
image5597.jpg,misc
image5605.jpg,Attire
image5609.jpg,Food
image5612.jpg,Attire
image5621.jpg,Attire
image5623.jpg,Decorationandsignage
image5627.jpg,Attire
image5630.jpg,Decorationandsignage
image5632.jpg,Attire
image5634.jpg,Attire
image5637.jpg,Food
image5638.jpg,Food
image5641.jpg,Food
image5644.jpg,Food
image5645.jpg,misc
image5648.jpg,Attire
image5654.jpg,Food
image5659.jpg,Attire
image5663.jpg,Food
image5667.jpg,Decorationandsignage
image5668.jpg,Food
image5671.jpg,misc
image5672.jpg,misc
image5673.jpg,misc
image5674.jpg,Food
image5675.jpg,Attire
image5677.jpg,Food
image5682.jpg,Food
image5691.jpg,Food
image5692.jpg,Food
image5704.jpg,Decorationandsignage
image5705.jpg,Food
image5706.jpg,misc
image5711.jpg,Attire
image5713.jpg,Food
image5716.jpg,Food
image5724.jpg,Food
image5725.jpg,Food
image5728.jpg,Decorationandsignage
image5729.jpg,Food
image5730.jpg,Attire
image5732.jpg,misc
image5733.jpg,Attire
image5734.jpg,Food
image5736.jpg,misc
image5737.jpg,Food
image5741.jpg,misc
image5754.jpg,misc
image5761.jpg,Food
image5765.jpg,Food
image5767.jpg,misc
image5769.jpg,misc
image5770.jpg,Attire
image5772.jpg,Food
image5773.jpg,misc
image5782.jpg,Attire
image5783.jpg,misc
image5787.jpg,Food
image5797.jpg,Food
image5799.jpg,misc
image5801.jpg,Attire
image5806.jpg,Attire
image5813.jpg,Food
image5822.jpg,Attire
image5826.jpg,Attire
image5827.jpg,Attire
image5832.jpg,misc
image5835.jpg,Attire
image5838.jpg,Decorationandsignage
image5839.jpg,misc
image5842.jpg,Food
image5843.jpg,Food
image5849.jpg,Food
image5854.jpg,misc
image5857.jpg,Food
image5858.jpg,Attire
image5861.jpg,misc
image5862.jpg,Food
image5867.jpg,misc
image5868.jpg,Attire
image5870.jpg,misc
image5872.jpg,misc
image5873.jpg,Food
image5876.jpg,misc
image5877.jpg,misc
image5880.jpg,Attire
image5899.jpg,Food
image5900.jpg,Attire
image5906.jpg,Attire
image5921.jpg,misc
image5926.jpg,Attire
image5927.jpg,misc
image5932.jpg,Attire
image5934.jpg,Food
image5935.jpg,Attire
image5943.jpg,Food
image5944.jpg,Food
image5949.jpg,misc
image5953.jpg,Food
image5958.jpg,Food
image5959.jpg,Food
image5968.jpg,misc
image5969.jpg,misc
image5970.jpg,Attire
image5984.jpg,misc
image5987.jpg,Attire
image5996.jpg,Food
image6000.jpg,Attire
image6005.jpg,misc
image6006.jpg,misc
image6009.jpg,Food
image6010.jpg,misc
image6014.jpg,misc
image6016.jpg,Attire
image6019.jpg,Attire
image6020.jpg,Decorationandsignage
image6021.jpg,Food
image6025.jpg,Food
image6026.jpg,misc
image6028.jpg,Food
image6033.jpg,Attire
image6034.jpg,Attire
image6037.jpg,Food
image6038.jpg,Attire
image6039.jpg,misc
image6040.jpg,Attire
image6048.jpg,Food
image6050.jpg,misc
image6053.jpg,Attire
image6056.jpg,Food
image6062.jpg,Food
image6065.jpg,misc
image6067.jpg,misc
image6068.jpg,Food
image6070.jpg,misc
image6071.jpg,Food
image6073.jpg,Attire
image6074.jpg,Food
image6075.jpg,Food
image6079.jpg,Food
image6081.jpg,misc
image6083.jpg,Attire
image6084.jpg,Food
image6088.jpg,misc
image6092.jpg,misc
image6094.jpg,Food
image6095.jpg,Food
image6097.jpg,misc
image6105.jpg,Attire
image6109.jpg,Food
image6111.jpg,Food
image6120.jpg,Food
image6122.jpg,Food
image6124.jpg,misc
image6125.jpg,Attire
image6129.jpg,Attire
image6130.jpg,Food
image6132.jpg,Food
image6138.jpg,Attire
image6142.jpg,misc
image6148.jpg,Attire
image6153.jpg,Decorationandsignage
image6156.jpg,Food
image6160.jpg,Food
image6163.jpg,Food
image6165.jpg,misc
image6166.jpg,Food
image6170.jpg,Attire
image6175.jpg,Attire
image6177.jpg,Decorationandsignage
image6179.jpg,Decorationandsignage
image6182.jpg,Attire
image6185.jpg,Food
image6187.jpg,Food
image6191.jpg,Food
image6193.jpg,Food
image6200.jpg,Food
image6201.jpg,Food
image6202.jpg,Food
image6207.jpg,Food
image6210.jpg,Attire
image6212.jpg,misc
image6213.jpg,misc
image6218.jpg,misc
image6221.jpg,misc
image6224.jpg,Food
image6230.jpg,Food
image6231.jpg,Attire
image6232.jpg,Attire
image6236.jpg,Food
image6237.jpg,misc
image6239.jpg,Attire
image6242.jpg,Decorationandsignage
image6243.jpg,Attire
image6245.jpg,Food
image6246.jpg,Attire
image6255.jpg,Food
image6257.jpg,Attire
image6260.jpg,Food
image6264.jpg,Attire
image6265.jpg,Attire
image6266.jpg,Attire
image6267.jpg,misc
image6269.jpg,Attire
image6271.jpg,Food
image6272.jpg,Attire
image6278.jpg,Food
image6282.jpg,Attire
image6285.jpg,Food
image6286.jpg,Food
image6288.jpg,misc
image6294.jpg,misc
image6297.jpg,misc
image6305.jpg,misc
image6322.jpg,Food
image6324.jpg,misc
image6330.jpg,Food
image6332.jpg,Food
image6333.jpg,Attire
image6336.jpg,Attire
image6337.jpg,Food
image6347.jpg,Food
image6350.jpg,Food
image6352.jpg,Decorationandsignage
image6353.jpg,Attire
image6354.jpg,misc
image6357.jpg,Food
image6359.jpg,Food
image6364.jpg,misc
image6367.jpg,Food
image6378.jpg,Attire
image6379.jpg,Food
image6390.jpg,Food
image6398.jpg,Attire
image6399.jpg,Food
image6400.jpg,Decorationandsignage
image6407.jpg,Food
image6410.jpg,misc
image6419.jpg,misc
image6422.jpg,Attire
image6423.jpg,misc
image6428.jpg,Decorationandsignage
image6429.jpg,Food
image6431.jpg,Food
image6432.jpg,Food
image6439.jpg,Food
image6443.jpg,Decorationandsignage
image6448.jpg,misc
image6449.jpg,Decorationandsignage
image6456.jpg,Food
image6463.jpg,Food
image6465.jpg,misc
image6467.jpg,Food
image6470.jpg,Attire
image6475.jpg,Food
image6480.jpg,misc
image6482.jpg,Food
image6483.jpg,Food
image6487.jpg,misc
image6488.jpg,Food
image6489.jpg,misc
image6491.jpg,Food
image6493.jpg,Food
image6495.jpg,Food
image6497.jpg,Food
image6498.jpg,Attire
image6501.jpg,Decorationandsignage
image6507.jpg,Attire
image6508.jpg,misc
image6510.jpg,Food
image6511.jpg,Attire
image6512.jpg,Food
image6513.jpg,Food
image6514.jpg,misc
image6515.jpg,Food
image6516.jpg,Food
image6517.jpg,Decorationandsignage
image6520.jpg,Attire
image6521.jpg,Attire
image6522.jpg,Food
image6526.jpg,Food
image6528.jpg,misc
image6530.jpg,Attire
image6536.jpg,Attire
image6543.jpg,Food
image6548.jpg,Food
image6549.jpg,Food
image6555.jpg,misc
image6556.jpg,Decorationandsignage
image6558.jpg,misc
image6559.jpg,Food
image6562.jpg,Food
image6566.jpg,misc
image6574.jpg,misc
image6575.jpg,Food
image6577.jpg,Food
image6578.jpg,Food
image6579.jpg,Attire
image6581.jpg,Food
image6582.jpg,misc
image6586.jpg,Food
image6591.jpg,Attire
image6596.jpg,misc
image6608.jpg,misc
image6613.jpg,Food
image6614.jpg,Attire
image6617.jpg,Food
image6618.jpg,Food
image6619.jpg,Food
image6620.jpg,misc
image6622.jpg,Decorationandsignage
image6623.jpg,Food
image6624.jpg,Decorationandsignage
image6629.jpg,Food
image6630.jpg,Food
image6631.jpg,misc
image6634.jpg,misc
image6636.jpg,Decorationandsignage
image6637.jpg,Food
image6640.jpg,Attire
image6646.jpg,Attire
image6647.jpg,Food
image6648.jpg,Food
image6654.jpg,Attire
image6659.jpg,Attire
image6666.jpg,misc
image6670.jpg,Attire
image6671.jpg,Attire
image6672.jpg,misc
image6673.jpg,Food
image6678.jpg,Food
image6684.jpg,Food
image6690.jpg,misc
image6691.jpg,misc
image6692.jpg,Food
image6693.jpg,Food
image6697.jpg,Attire
image6698.jpg,Food
image6702.jpg,misc
image6704.jpg,Decorationandsignage
image6706.jpg,Attire
image6728.jpg,misc
image6729.jpg,Food
image6733.jpg,Food
image6734.jpg,Food
image6737.jpg,Food
image6738.jpg,Food
image6743.jpg,misc
image6744.jpg,Attire
image6758.jpg,Attire
image6759.jpg,Food
image6762.jpg,misc
image6766.jpg,Attire
image6778.jpg,Attire
image6782.jpg,Food
image6784.jpg,misc
image6789.jpg,Food
image6791.jpg,misc
image6792.jpg,misc
image6793.jpg,Food
image6805.jpg,Food
image6807.jpg,Food
image6809.jpg,misc
image6810.jpg,Attire
image6815.jpg,Food
image6818.jpg,misc
image6820.jpg,misc
image6822.jpg,Attire
image6826.jpg,Attire
image6830.jpg,Food
image6831.jpg,Attire
image6833.jpg,Food
image6839.jpg,Attire
image6847.jpg,misc
image6848.jpg,Food
image6851.jpg,Food
image6854.jpg,Food
image6855.jpg,Food
image6858.jpg,Attire
image6859.jpg,Food
image6863.jpg,Attire
image6864.jpg,Food
image6869.jpg,Attire
image6871.jpg,Food
image6877.jpg,Food
image6880.jpg,Food
image6890.jpg,misc
image6891.jpg,misc
image6900.jpg,Food
image6903.jpg,Food
image6907.jpg,Attire
image6908.jpg,Food
image6910.jpg,misc
image6911.jpg,Food
image6912.jpg,Food
image6914.jpg,Food
image6916.jpg,Food
image6920.jpg,Food
image6925.jpg,misc
image6927.jpg,Food
image6929.jpg,Decorationandsignage
image6931.jpg,misc
image6934.jpg,Attire
image6943.jpg,Food
image6950.jpg,Attire
image6954.jpg,Attire
image6957.jpg,Decorationandsignage
image6958.jpg,Food
image6962.jpg,Attire
image6963.jpg,Food
image6968.jpg,Food
image6969.jpg,Food
image6972.jpg,misc
image6977.jpg,misc
image6979.jpg,Food
image6981.jpg,Food
image6984.jpg,Food
image6985.jpg,misc
image6991.jpg,Food
image6992.jpg,Food
image6994.jpg,Food
image6998.jpg,misc
image7000.jpg,Food
image7001.jpg,Attire
image7013.jpg,misc
image7015.jpg,Attire
image7024.jpg,Attire
image7026.jpg,Attire
image7029.jpg,Food
image7033.jpg,Attire
image7034.jpg,Attire
image7040.jpg,Attire
image7041.jpg,Attire
image7048.jpg,Decorationandsignage
image7050.jpg,Food
image7057.jpg,Food
image7060.jpg,Attire
image7062.jpg,Attire
image7064.jpg,Food
image7067.jpg,Food
image7068.jpg,Attire
image7072.jpg,misc
image7081.jpg,Decorationandsignage
image7083.jpg,misc
image7085.jpg,Decorationandsignage
image7086.jpg,Food
image7090.jpg,misc
image7096.jpg,misc
image7097.jpg,Food
image7098.jpg,Food
image7099.jpg,misc
image7105.jpg,Food
image7106.jpg,Decorationandsignage
image7107.jpg,Attire
image7108.jpg,Attire
image7110.jpg,misc
image7111.jpg,misc
image7115.jpg,misc
image7117.jpg,Food
image7118.jpg,misc
image7123.jpg,misc
image7125.jpg,Food
image7127.jpg,Attire
image7129.jpg,misc
image7130.jpg,Food
image7132.jpg,Decorationandsignage
image7133.jpg,Attire
image7135.jpg,Attire
image7137.jpg,Attire
image7141.jpg,Attire
image7142.jpg,Food
image7143.jpg,Food
image7146.jpg,Food
image7148.jpg,Attire
image7154.jpg,Attire
image7157.jpg,Food
image7160.jpg,Attire
image7163.jpg,misc
image7164.jpg,Food
image7168.jpg,Food
image7170.jpg,Food
image7172.jpg,Food
image7177.jpg,Attire
image7178.jpg,Food
image7182.jpg,Decorationandsignage
image7187.jpg,Decorationandsignage
image7188.jpg,misc
image7193.jpg,misc
image7195.jpg,misc
image7198.jpg,misc
image7199.jpg,Food
image7206.jpg,Attire
image7208.jpg,Food
image7212.jpg,misc
image7215.jpg,Attire
image7217.jpg,Attire
image7218.jpg,Decorationandsignage
image7220.jpg,Decorationandsignage
image7222.jpg,Food
image7228.jpg,Attire
image7241.jpg,Attire
image7247.jpg,misc
image7248.jpg,Food
image7252.jpg,Food
image7254.jpg,Attire
image7255.jpg,Attire
image7256.jpg,Attire
image7263.jpg,Attire
image7264.jpg,misc
image7267.jpg,Decorationandsignage
image7268.jpg,Food
image7272.jpg,Food
image7275.jpg,Attire
image7277.jpg,misc
image7281.jpg,Decorationandsignage
image7283.jpg,Food
image7285.jpg,Decorationandsignage
image7287.jpg,Food
image7289.jpg,Food
image7294.jpg,Food
image7295.jpg,Attire
image7296.jpg,Attire
image7301.jpg,Food
image7303.jpg,Decorationandsignage
image7304.jpg,misc
image7306.jpg,Attire
image7308.jpg,Food
image7311.jpg,misc
image7312.jpg,Food
image7313.jpg,Decorationandsignage
image7315.jpg,Attire
image7317.jpg,Food
image7318.jpg,Food
image7324.jpg,misc
image7325.jpg,Attire
image7326.jpg,Food
image7328.jpg,Food
image7330.jpg,Decorationandsignage
image7334.jpg,misc
image7338.jpg,Food
image7339.jpg,Attire
image7344.jpg,Attire
image7345.jpg,Food
image7352.jpg,Attire
image7355.jpg,Attire
image7362.jpg,Food
image7368.jpg,Food
image7371.jpg,Food
image7375.jpg,Attire
image7377.jpg,Food
image7380.jpg,Attire
image7383.jpg,Attire
image7386.jpg,Food
image7399.jpg,Attire
image7400.jpg,Food
image7403.jpg,misc
image7405.jpg,Decorationandsignage
image7408.jpg,Food
image7410.jpg,Food
image7411.jpg,misc
image7412.jpg,Food
image7414.jpg,Decorationandsignage
image7416.jpg,Food
image7417.jpg,Food
image7418.jpg,Food
image7420.jpg,misc
image7421.jpg,Food
image7425.jpg,Food
image7428.jpg,Attire
image7430.jpg,Food
image7431.jpg,Food
image7434.jpg,Food
image7435.jpg,misc
image7436.jpg,Attire
image7437.jpg,misc
image7440.jpg,Attire
image7442.jpg,misc
image7445.jpg,Food
image7446.jpg,Attire
image7456.jpg,Food
image7457.jpg,misc
image7458.jpg,Food
image7460.jpg,Food
image7474.jpg,Food
image7478.jpg,misc
image7482.jpg,Attire
image7485.jpg,Attire
image7487.jpg,Food
image7495.jpg,misc
image7498.jpg,Attire
image7499.jpg,Attire
image7501.jpg,Food
image7503.jpg,Decorationandsignage
image7505.jpg,misc
image7506.jpg,Food
image7509.jpg,Attire
image7511.jpg,misc
image7512.jpg,Food
image7516.jpg,Attire
image7517.jpg,Food
image7519.jpg,Attire
image7523.jpg,Attire
image7528.jpg,Attire
image7529.jpg,misc
image7530.jpg,misc
image7534.jpg,Food
image7535.jpg,Attire
image7536.jpg,Attire
image7537.jpg,Decorationandsignage
image7539.jpg,Attire
image7540.jpg,Attire
image7545.jpg,Food
image7548.jpg,Food
image7549.jpg,Decorationandsignage
image7559.jpg,Attire
image7564.jpg,Food
image7565.jpg,misc
image7569.jpg,misc
image7572.jpg,misc
image7576.jpg,Attire
image7582.jpg,Food
image7585.jpg,Decorationandsignage
image7588.jpg,Food
image7595.jpg,Food
image7597.jpg,Attire
image7599.jpg,Food
image7601.jpg,Food
image7603.jpg,Attire
image7604.jpg,Food
image7606.jpg,Attire
image7609.jpg,Decorationandsignage
image7616.jpg,Decorationandsignage
image7620.jpg,Food
image7624.jpg,Food
image7631.jpg,Food
image7632.jpg,Food
image7633.jpg,Food
image7640.jpg,Food
image7643.jpg,Food
image7646.jpg,Attire
image7649.jpg,Food
image7658.jpg,Food
image7659.jpg,Attire
image7660.jpg,Food
image7663.jpg,Attire
image7664.jpg,Decorationandsignage
image7666.jpg,misc
image7667.jpg,Decorationandsignage
image7672.jpg,Food
image7682.jpg,Food
image7685.jpg,Food
image7693.jpg,misc
image7694.jpg,misc
image7699.jpg,Food
image7709.jpg,Attire
image7714.jpg,Food
image7717.jpg,Food
image7719.jpg,Food
image7723.jpg,Attire
image7727.jpg,Attire
image7730.jpg,misc
image7731.jpg,Attire
image7732.jpg,Decorationandsignage
image7734.jpg,Food
image7736.jpg,Attire
image7738.jpg,misc
image7740.jpg,misc
image7742.jpg,Food
image7751.jpg,Attire
image7752.jpg,Attire
image7753.jpg,Attire
image7761.jpg,Attire
image7763.jpg,Attire
image7765.jpg,Food
image7767.jpg,Attire
image7768.jpg,Food
image7772.jpg,Food
image7776.jpg,Food
image7782.jpg,Food
image7791.jpg,Attire
image7793.jpg,misc
image7795.jpg,Food
image7800.jpg,Food
image7801.jpg,Food
image7803.jpg,Food
image7805.jpg,misc
image7808.jpg,Food
image7809.jpg,misc
image7812.jpg,Attire
image7815.jpg,Food
image7821.jpg,Attire
image7825.jpg,Attire
image7826.jpg,Food
image7827.jpg,Food
image7838.jpg,Food
image7839.jpg,Food
image7841.jpg,misc
image7844.jpg,misc
image7845.jpg,Food
image7847.jpg,Food
image7850.jpg,Attire
image7853.jpg,Attire
image7856.jpg,Food
image7857.jpg,misc
image7859.jpg,misc
image7860.jpg,Food
image7862.jpg,misc
image7865.jpg,misc
image7868.jpg,Food
image7869.jpg,Attire
image7872.jpg,Attire
image7873.jpg,misc
image7879.jpg,Food
image7886.jpg,Food
image7887.jpg,Food
image7888.jpg,Attire
image7889.jpg,Attire
image7892.jpg,misc
image7895.jpg,Attire
image7900.jpg,Food
image7903.jpg,misc
image7905.jpg,misc
image7913.jpg,Food
image7916.jpg,misc
image7920.jpg,Attire
image7922.jpg,Food
image7924.jpg,Food
image7927.jpg,Food
image7929.jpg,Decorationandsignage
image7932.jpg,Attire
image7934.jpg,misc
image7939.jpg,misc
image7940.jpg,Food
image7942.jpg,Food
image7943.jpg,Attire
image7944.jpg,misc
image7951.jpg,Food
image7952.jpg,misc
image7954.jpg,Food
image7957.jpg,Decorationandsignage
image7959.jpg,misc
image7963.jpg,misc
image7965.jpg,Attire
image7967.jpg,Food
image7977.jpg,misc
image7987.jpg,Food
image7989.jpg,Decorationandsignage
image7992.jpg,Attire
image7993.jpg,misc
image7994.jpg,Decorationandsignage
image7995.jpg,misc
image7996.jpg,misc
image8003.jpg,Food
image8011.jpg,Food
image8016.jpg,Food
image8017.jpg,Attire
image8018.jpg,Food
image8024.jpg,misc
image8025.jpg,misc
image8027.jpg,misc
image8028.jpg,Food
image8030.jpg,Attire
image8032.jpg,Food
image8033.jpg,misc
image8039.jpg,Food
image8049.jpg,Attire
image8052.jpg,misc
image8053.jpg,Attire
image8054.jpg,misc
image8055.jpg,misc
image8058.jpg,misc
image8059.jpg,misc
image8064.jpg,Attire
image8067.jpg,Food
image8070.jpg,Attire
image8075.jpg,Attire
image8077.jpg,Food
image8086.jpg,Food
image8087.jpg,Food
image8090.jpg,Attire
image8091.jpg,Attire
image8094.jpg,Food
image8095.jpg,misc
image8099.jpg,Food
image8101.jpg,Food
image8102.jpg,Food
image8103.jpg,Food
image8104.jpg,Attire
image8105.jpg,misc
image8107.jpg,Decorationandsignage
image8108.jpg,Food
image8110.jpg,Food
image8115.jpg,Food
image8120.jpg,Food
image8121.jpg,Decorationandsignage
image8123.jpg,Food
image8127.jpg,Food
image8135.jpg,Attire
image8136.jpg,Attire
image8140.jpg,Decorationandsignage
image8144.jpg,Food
image8147.jpg,Food
image8149.jpg,Attire
image8150.jpg,misc
image8156.jpg,Attire
image8164.jpg,misc
image8165.jpg,Attire
image8167.jpg,Decorationandsignage
image8169.jpg,Food
image8174.jpg,Attire
image8175.jpg,Food
image8177.jpg,Attire
image8178.jpg,Decorationandsignage
image8183.jpg,Food
image8187.jpg,Decorationandsignage
image8192.jpg,Attire
image8193.jpg,Attire
image8198.jpg,Food
image8199.jpg,misc
image8201.jpg,Attire
image8202.jpg,misc
image8204.jpg,Attire
image8205.jpg,misc
image8208.jpg,Food
image8213.jpg,Decorationandsignage
image8217.jpg,Food
image8220.jpg,Attire
image8222.jpg,Food
image8224.jpg,Attire
image8227.jpg,misc
image8231.jpg,Attire
image8232.jpg,Attire
image8233.jpg,Decorationandsignage
image8239.jpg,Food
image8241.jpg,Attire
image8242.jpg,Food
image8245.jpg,Food
image8251.jpg,Food
image8257.jpg,Attire
image8261.jpg,Food
image8264.jpg,Food
image8267.jpg,Food
image8268.jpg,misc
image8269.jpg,Decorationandsignage
image8270.jpg,Food
image8271.jpg,misc
image8273.jpg,Food
image8274.jpg,Attire
image8276.jpg,misc
image8277.jpg,Attire
image8279.jpg,Food
image8282.jpg,Attire
image8288.jpg,Decorationandsignage
image8291.jpg,Decorationandsignage
image8292.jpg,Decorationandsignage
image8299.jpg,misc
image8300.jpg,Attire
image8302.jpg,Attire
image8311.jpg,Food
image8312.jpg,Food
image8317.jpg,misc
image8321.jpg,Food
image8327.jpg,Attire
image8328.jpg,Food
image8333.jpg,Food
image8339.jpg,Attire
image8342.jpg,Food
image8347.jpg,Attire
image8349.jpg,Decorationandsignage
image8358.jpg,Food
image8362.jpg,misc
image8363.jpg,Food
image8373.jpg,misc
image8379.jpg,Food
image8381.jpg,Food
image8384.jpg,Attire
image8386.jpg,misc
image8389.jpg,Attire
image8395.jpg,misc
image8397.jpg,Food
image8398.jpg,Food
image8404.jpg,misc
image8410.jpg,Decorationandsignage
image8412.jpg,Food
image8417.jpg,Attire
image8419.jpg,Food
image8421.jpg,misc
image8422.jpg,misc
image8427.jpg,Food
image8428.jpg,misc
image8429.jpg,misc
image8430.jpg,Food
image8432.jpg,Food
image8434.jpg,misc
image8439.jpg,Food
image8440.jpg,Food
image8449.jpg,Decorationandsignage
image8452.jpg,Food
image8457.jpg,Food
image8462.jpg,Attire
image8465.jpg,Decorationandsignage
image8468.jpg,Decorationandsignage
image8472.jpg,misc
image8473.jpg,misc
image8474.jpg,Food
image8478.jpg,misc
image8480.jpg,Attire
image8482.jpg,misc
image8485.jpg,Food
image8489.jpg,Food
image8490.jpg,misc
image8493.jpg,Attire
image8497.jpg,Food
image8500.jpg,misc
image8503.jpg,Food
image8506.jpg,Attire
image8513.jpg,misc
image8517.jpg,Food
image8525.jpg,Food
image8527.jpg,Food
image8528.jpg,Attire
image8530.jpg,Decorationandsignage
image8532.jpg,Attire
image8537.jpg,Food
image8538.jpg,Attire
image8543.jpg,Attire
image8544.jpg,Attire
image8545.jpg,Food
image8546.jpg,Attire
image8549.jpg,Attire
image8551.jpg,Decorationandsignage
image8563.jpg,Attire
image8564.jpg,misc
image8566.jpg,Attire
image8567.jpg,Food
image8569.jpg,misc
image8572.jpg,Decorationandsignage
image8573.jpg,Attire
image8577.jpg,Decorationandsignage
image8578.jpg,Attire
image8579.jpg,Attire
image8584.jpg,Food
image8586.jpg,Food
image8587.jpg,Decorationandsignage
image8593.jpg,misc
image8595.jpg,Food
image8599.jpg,Food
image8600.jpg,misc
image8601.jpg,Attire
image8603.jpg,Food
image8604.jpg,Food
image8607.jpg,Food
image8610.jpg,misc
image8612.jpg,misc
image8613.jpg,Food
image8619.jpg,Decorationandsignage
image8620.jpg,misc
image8622.jpg,misc
image8623.jpg,Food
image8625.jpg,Food
image8629.jpg,misc
image8638.jpg,Food
image8641.jpg,misc
image8645.jpg,Food
image8646.jpg,misc
image8650.jpg,misc
image8652.jpg,Attire
image8653.jpg,Food
image8656.jpg,Decorationandsignage
image8657.jpg,misc
image8658.jpg,Attire
image8660.jpg,Food
image8664.jpg,Food
image8666.jpg,Food
image8667.jpg,Food
image8672.jpg,Attire
image8673.jpg,Food
image8675.jpg,Food
image8676.jpg,Attire
image8678.jpg,misc
image8681.jpg,Food
image8682.jpg,Decorationandsignage
image8684.jpg,misc
image8686.jpg,Decorationandsignage
image8688.jpg,Attire
image8690.jpg,Food
image8691.jpg,Food
image8692.jpg,Food
image8700.jpg,Food
image8708.jpg,misc
image8709.jpg,Food
image8710.jpg,misc
image8711.jpg,Food
image8714.jpg,Food
image8715.jpg,Attire
image8723.jpg,Attire
image8724.jpg,Food
image8725.jpg,Food
image8726.jpg,Attire
image8727.jpg,Food
image8728.jpg,misc
image8730.jpg,Food
image8731.jpg,Food
image8733.jpg,misc
image8735.jpg,Food
image8737.jpg,Food
image8739.jpg,Food
image8740.jpg,misc
image8742.jpg,Food
image8751.jpg,Food
image8754.jpg,misc
image8755.jpg,Decorationandsignage
image8758.jpg,Food
image8760.jpg,Food
image8761.jpg,Attire
image8762.jpg,Attire
image8763.jpg,Food
image8764.jpg,Attire
image8765.jpg,Food
image8766.jpg,misc
image8772.jpg,Food
image8775.jpg,misc
image8780.jpg,Decorationandsignage
image8782.jpg,Food
image8784.jpg,Attire
image8785.jpg,Attire
image8787.jpg,misc
image8789.jpg,Food
image8790.jpg,Food
image8794.jpg,Decorationandsignage
image8800.jpg,misc
image8803.jpg,Food
image8812.jpg,Food
image8818.jpg,Food
image8820.jpg,Attire
image8824.jpg,Attire
image8826.jpg,Decorationandsignage
image8827.jpg,misc
image8828.jpg,misc
image8831.jpg,misc
image8834.jpg,misc
image8838.jpg,Food
image8841.jpg,Food
image8843.jpg,misc
image8853.jpg,Food
image8855.jpg,Food
image8856.jpg,Attire
image8864.jpg,Food
image8865.jpg,Attire
image8867.jpg,Attire
image8874.jpg,misc
image8878.jpg,Attire
image8881.jpg,Food
image8885.jpg,misc
image8889.jpg,misc
image8891.jpg,Food
image8894.jpg,Food
image8901.jpg,Food
image8910.jpg,Attire
image8912.jpg,misc
image8917.jpg,Attire
image8918.jpg,misc
image8921.jpg,misc
image8924.jpg,misc
image8927.jpg,Attire
image8930.jpg,Attire
image8935.jpg,misc
image8938.jpg,Food
image8941.jpg,Attire
image8947.jpg,misc
image8948.jpg,Attire
image8951.jpg,Attire
image8952.jpg,Attire
image8956.jpg,Food
image8957.jpg,Food
image8961.jpg,Attire
image8965.jpg,misc
image8966.jpg,Food
image8967.jpg,Food
image8968.jpg,Food
image8980.jpg,Food
image8981.jpg,misc
image8988.jpg,Food
image8994.jpg,misc
image8998.jpg,Food
image9002.jpg,misc
image9004.jpg,Food
image9005.jpg,Attire
image9006.jpg,misc
image9010.jpg,Food
image9020.jpg,Attire
image9025.jpg,Attire
image9029.jpg,Food
image9033.jpg,Food
image9036.jpg,Attire
image9037.jpg,misc
image9049.jpg,misc
image9057.jpg,Attire
image9058.jpg,Attire
image9060.jpg,misc
image9061.jpg,Food
image9062.jpg,Decorationandsignage
image9064.jpg,Food
image9066.jpg,Food
image9069.jpg,Food
image9072.jpg,Decorationandsignage
image9081.jpg,Attire
image9085.jpg,misc
image9089.jpg,Food
image9090.jpg,misc
image9095.jpg,Food
image9097.jpg,Food
image9098.jpg,Food
image9105.jpg,Decorationandsignage
image9107.jpg,misc
image9109.jpg,Food
image9111.jpg,Decorationandsignage
image9112.jpg,Attire
image9113.jpg,Food
image9118.jpg,Attire
image9119.jpg,Attire
image9120.jpg,Food
image9121.jpg,Attire
image9123.jpg,Food
image9127.jpg,Decorationandsignage
image9130.jpg,misc
image9140.jpg,Attire
image9143.jpg,Food
image9145.jpg,Attire
image9153.jpg,Attire
image9157.jpg,Attire
image9163.jpg,Food
image9165.jpg,Food
image9168.jpg,Food
image9170.jpg,Food
image9174.jpg,Food
image9175.jpg,Food
image9177.jpg,Food
image9181.jpg,misc
image9183.jpg,Food
image9190.jpg,Attire
image9191.jpg,Attire
image9193.jpg,Attire
image9199.jpg,Attire
image9200.jpg,Food
image9202.jpg,Food
image9206.jpg,Food
image9207.jpg,misc
image9211.jpg,Food
image9219.jpg,misc
image9220.jpg,Food
image9221.jpg,misc
image9222.jpg,Attire
image9224.jpg,misc
image9234.jpg,misc
image9236.jpg,Food
image9238.jpg,Food
image9240.jpg,Food
image9242.jpg,Attire
image9243.jpg,Food
image9244.jpg,Food
image9249.jpg,misc
image9250.jpg,Attire
image9256.jpg,Food
image9258.jpg,Attire
image9259.jpg,Food
image9260.jpg,misc
image9261.jpg,misc
image9269.jpg,Attire
image9271.jpg,Food
image9273.jpg,Attire
image9274.jpg,Food
image9278.jpg,Attire
image9280.jpg,misc
image9283.jpg,Food
image9291.jpg,Food
image9293.jpg,Food
image9296.jpg,Food
image9299.jpg,Attire
image9308.jpg,misc
image9314.jpg,misc
image9319.jpg,Food
image9330.jpg,Attire
image9332.jpg,Food
image9333.jpg,Decorationandsignage
image9334.jpg,Food
image9341.jpg,Food
image9343.jpg,Food
image9344.jpg,Attire
image9345.jpg,misc
image9346.jpg,Attire
image9347.jpg,misc
image9349.jpg,Food
image9350.jpg,Decorationandsignage
image9351.jpg,Attire
image9352.jpg,Food
image9361.jpg,misc
image9362.jpg,Attire
image9368.jpg,Food
image9372.jpg,Attire
image9374.jpg,Food
image9380.jpg,misc
image9388.jpg,Food
image9391.jpg,misc
image9393.jpg,Food
image9403.jpg,Food
image9404.jpg,Attire
image9405.jpg,Food
image9407.jpg,Attire
image9408.jpg,Attire
image9411.jpg,Attire
image9418.jpg,misc
image9419.jpg,Food
image9420.jpg,Food
image9422.jpg,Attire
image9423.jpg,misc
image9429.jpg,Food
image9432.jpg,misc
image9436.jpg,Food
image9437.jpg,Attire
image9438.jpg,misc
image9442.jpg,Food
image9443.jpg,misc
image9448.jpg,misc
image9449.jpg,misc
image9453.jpg,Attire
image9454.jpg,Food
image9458.jpg,Attire
image9461.jpg,Decorationandsignage
image9462.jpg,Food
image9465.jpg,Attire
image9467.jpg,misc
image9472.jpg,Food
image9478.jpg,Food
image9480.jpg,Food
image9481.jpg,Attire
image9482.jpg,Food
image9484.jpg,misc
image9490.jpg,Food
image9492.jpg,Attire
image9493.jpg,Food
image9495.jpg,Attire
image9499.jpg,Attire
image9501.jpg,Food
image9505.jpg,misc
image9508.jpg,Attire
image9509.jpg,Food
image9511.jpg,misc
image9517.jpg,Attire
image9518.jpg,misc
image9523.jpg,Food
image9524.jpg,misc
image9525.jpg,Food
image9529.jpg,Food
image9530.jpg,Food
image9533.jpg,Decorationandsignage
image9538.jpg,misc
image9542.jpg,misc
image9547.jpg,Food
image9549.jpg,Food
image9551.jpg,Food
image9553.jpg,Food
image9557.jpg,Attire
image9561.jpg,Food
image9562.jpg,Food
image9563.jpg,Attire
image9565.jpg,Attire
image9572.jpg,Food
image9575.jpg,Food
image9576.jpg,Attire
image9577.jpg,Attire
image9580.jpg,Food
image9587.jpg,Attire
image9589.jpg,Attire
image9594.jpg,Decorationandsignage
image9599.jpg,Attire
image9604.jpg,Food
image9612.jpg,Food
image9614.jpg,Attire
image9617.jpg,Decorationandsignage
image9619.jpg,Decorationandsignage
image9627.jpg,Food
image9639.jpg,Food
image9647.jpg,Attire
image9653.jpg,misc
image9654.jpg,Food
image9655.jpg,misc
image9656.jpg,Decorationandsignage
image9659.jpg,Food
image9661.jpg,misc
image9664.jpg,Food
image9665.jpg,Food
image9670.jpg,Attire
image9671.jpg,Food
image9675.jpg,Attire
image9678.jpg,Attire
image9683.jpg,Attire
image9684.jpg,Attire
image9686.jpg,Food
image9688.jpg,misc
image9696.jpg,Decorationandsignage
image9698.jpg,misc
image9699.jpg,Food
image9700.jpg,misc
image9701.jpg,Food
image9705.jpg,Attire
image9708.jpg,Attire
image9709.jpg,Food
image9712.jpg,misc
image9719.jpg,Attire
image9721.jpg,misc
image9724.jpg,Food
image9729.jpg,Attire
image9736.jpg,Food
image9743.jpg,misc
image9744.jpg,Food
image9745.jpg,Decorationandsignage
image9746.jpg,Food
image9748.jpg,Attire
image9749.jpg,Food
image9753.jpg,Attire
image9755.jpg,Food
image9759.jpg,misc
image9760.jpg,Food
image9765.jpg,Food
image9767.jpg,misc
image9768.jpg,Attire
image9769.jpg,Decorationandsignage
image9770.jpg,Food
image9772.jpg,Food
image9774.jpg,Attire
image9780.jpg,misc
image9782.jpg,Decorationandsignage
image9783.jpg,Attire
image9786.jpg,Food
image9788.jpg,Food
image9789.jpg,Food
image9790.jpg,Attire
image9791.jpg,Food
image9792.jpg,Food
image9793.jpg,Food
image9799.jpg,Food
image9801.jpg,Attire
image9802.jpg,Food
image9805.jpg,misc
image9806.jpg,Food
image9808.jpg,misc
image9811.jpg,misc
image9824.jpg,Attire
image9828.jpg,misc
image9829.jpg,Food
image9836.jpg,Food
image9837.jpg,Food
image9846.jpg,Attire
image9849.jpg,Food
image9853.jpg,Food
image9858.jpg,misc
image9862.jpg,Attire
image9864.jpg,Food
image9866.jpg,Decorationandsignage
image9867.jpg,Attire
image9869.jpg,Food
image9876.jpg,Attire
image9878.jpg,Food
image9879.jpg,Food
image9881.jpg,Attire
image9882.jpg,misc
image9884.jpg,Food
image9885.jpg,misc
image9887.jpg,Food
image9889.jpg,Food
image9892.jpg,Food
image9897.jpg,Food
image9905.jpg,Decorationandsignage
image9911.jpg,Food
image9913.jpg,Decorationandsignage
image9915.jpg,Attire
image9920.jpg,misc
image9921.jpg,Food
image9923.jpg,misc
image9928.jpg,misc
image9933.jpg,Attire
image9936.jpg,Food
image9939.jpg,Food
image9942.jpg,Food
image9944.jpg,Food
image9945.jpg,Food
image9951.jpg,Food
image9958.jpg,misc
image9961.jpg,Attire
image9964.jpg,misc
image9965.jpg,misc
image9966.jpg,Attire
image9969.jpg,misc
image9970.jpg,Attire
image9972.jpg,Food
image9975.jpg,misc
image9977.jpg,Decorationandsignage
image9978.jpg,Attire
image9985.jpg,Food
image9986.jpg,Attire
image9987.jpg,misc
image9988.jpg,Attire
image9989.jpg,Attire
image9995.jpg,Food
image9996.jpg,Attire
image9998.jpg,Attire
image9999.jpg,Food
image10001.jpg,Food
image10005.jpg,misc
image10008.jpg,misc
image10009.jpg,Food
image10010.jpg,Attire
image10012.jpg,Food
image10014.jpg,misc
image10023.jpg,misc
image10024.jpg,Food
image10026.jpg,misc
image10027.jpg,misc
image10028.jpg,Attire
image10031.jpg,Attire
image10037.jpg,Attire
image10039.jpg,Attire
image10040.jpg,Food
image10044.jpg,misc
image10046.jpg,misc
image10047.jpg,Food
image10049.jpg,Attire
image10050.jpg,Food
image10051.jpg,Food
image10052.jpg,Food
image10053.jpg,Attire
image10056.jpg,misc
image10062.jpg,Food
image10064.jpg,Attire
image10065.jpg,Attire
image10067.jpg,Attire
image10072.jpg,Food
image10073.jpg,Attire
image10074.jpg,misc
image10076.jpg,Attire
image10077.jpg,Food
image10079.jpg,Attire
image10081.jpg,Food
image10082.jpg,Attire
image10084.jpg,Attire
image10088.jpg,Food
image10093.jpg,Food
image10094.jpg,Food
image10098.jpg,Attire
image10099.jpg,Decorationandsignage
image10102.jpg,Attire
image10103.jpg,Food
image10105.jpg,Food
image10114.jpg,misc
image10115.jpg,misc
image10119.jpg,Food
image10123.jpg,Food
image10124.jpg,Attire
image10133.jpg,Food
image10142.jpg,Food
image10143.jpg,Food
image10145.jpg,Attire
image10146.jpg,misc
image10147.jpg,Decorationandsignage
image10150.jpg,Food
image10151.jpg,Food
image10157.jpg,misc
image10158.jpg,Attire
image10159.jpg,Food
image10163.jpg,misc
image10164.jpg,Food
image10166.jpg,Food
image10169.jpg,Attire
image10170.jpg,Decorationandsignage
image10178.jpg,Decorationandsignage
image10182.jpg,Food
image10183.jpg,misc
image10191.jpg,Attire
image10194.jpg,misc
image10200.jpg,misc
image10201.jpg,Attire
image10206.jpg,Attire
image10207.jpg,Attire
image10210.jpg,Attire
image10217.jpg,Food
image10219.jpg,Food
image10222.jpg,Food
image10224.jpg,misc
image10228.jpg,Attire
image10230.jpg,Attire
image10231.jpg,Attire
image10236.jpg,Decorationandsignage
image10238.jpg,misc
image10240.jpg,Attire
image10241.jpg,Attire
image10242.jpg,Food
image10245.jpg,Decorationandsignage
image10246.jpg,Food
image10249.jpg,Food
image10250.jpg,Decorationandsignage
image10252.jpg,Decorationandsignage
image10261.jpg,Food
image10269.jpg,Food
image10271.jpg,Attire
image10275.jpg,misc
image10278.jpg,Food
image10292.jpg,Food
image10294.jpg,misc
image10297.jpg,Attire
image10300.jpg,Food
image10302.jpg,Attire
image10304.jpg,misc
image10305.jpg,Food
image10307.jpg,Food
image10309.jpg,Food
image10314.jpg,misc
image10317.jpg,Food
image10319.jpg,Decorationandsignage
image10324.jpg,misc
image10327.jpg,Food
image10330.jpg,misc
image10340.jpg,Attire
image10342.jpg,Attire
image10349.jpg,Food
image10350.jpg,Food
image10354.jpg,Food
image10357.jpg,misc
image10360.jpg,Attire
image10363.jpg,Decorationandsignage
image10364.jpg,Food
image10365.jpg,Food
image10366.jpg,Food
image10367.jpg,Attire
image10370.jpg,Food
image10376.jpg,Food
image10379.jpg,Attire
image10388.jpg,misc
image10394.jpg,Attire
image10397.jpg,Attire
image10406.jpg,misc
image10407.jpg,Food
image10408.jpg,Attire
image10409.jpg,Food
image10410.jpg,Food
image10411.jpg,Attire
image10416.jpg,misc
image10417.jpg,Food
image10418.jpg,Food
image10420.jpg,misc
image10421.jpg,Food
image10426.jpg,Food
image10427.jpg,Food
image10429.jpg,Attire
image10430.jpg,Decorationandsignage
image10433.jpg,Attire
image10436.jpg,misc
image10444.jpg,Food
image10447.jpg,Food
image10450.jpg,Attire
image10451.jpg,Food
image10452.jpg,Food
image10455.jpg,Attire
image10456.jpg,Attire
image10457.jpg,Attire
image10459.jpg,Food
image10461.jpg,Food
image10468.jpg,misc
image10469.jpg,Decorationandsignage
image10474.jpg,Food
image10477.jpg,Decorationandsignage
image10478.jpg,Attire
image10481.jpg,Food
image10484.jpg,misc
image10486.jpg,Attire
image10491.jpg,Attire
image10497.jpg,Food
image10501.jpg,Food
image10505.jpg,Food
image10508.jpg,misc
image10510.jpg,Food
image10517.jpg,Food
image10518.jpg,Food
image10519.jpg,Food
image10520.jpg,Attire
image10521.jpg,Attire
image10524.jpg,Attire
image10529.jpg,Food
image10530.jpg,Food
image10537.jpg,Attire
image10539.jpg,Food
image10541.jpg,Food
image10542.jpg,Attire
image10548.jpg,Decorationandsignage
image10552.jpg,Food
image10555.jpg,Food
image10558.jpg,Food
image10562.jpg,Decorationandsignage
image10567.jpg,Attire
image10568.jpg,Food
image10570.jpg,misc
image10576.jpg,Food
image10579.jpg,Attire
image10583.jpg,Attire
image10586.jpg,misc
image10590.jpg,Attire
image10591.jpg,Attire
image10596.jpg,misc
image10598.jpg,Attire
image10604.jpg,Food
image10607.jpg,misc
image10611.jpg,Food
image10613.jpg,Attire
image10616.jpg,Food
image10617.jpg,Food
image10618.jpg,Decorationandsignage
image10622.jpg,Attire
image10623.jpg,Attire
image10624.jpg,Food
image10625.jpg,Food
image10628.jpg,misc
image10632.jpg,Attire
image10634.jpg,misc
image10637.jpg,misc
image10640.jpg,Decorationandsignage
image10643.jpg,misc
image10645.jpg,Food
image10648.jpg,Food
image10650.jpg,Food
image10653.jpg,Food
image10654.jpg,Attire
image10659.jpg,Attire
image10662.jpg,Attire
image10664.jpg,Food
image10669.jpg,Attire
image10670.jpg,Decorationandsignage
image10671.jpg,Food
image10682.jpg,Attire
image10685.jpg,Food
image10688.jpg,misc
image10691.jpg,Food
image10694.jpg,Food
image10695.jpg,Decorationandsignage
image10697.jpg,Food
image10700.jpg,Food
image10718.jpg,Food
image10721.jpg,Attire
image10725.jpg,Decorationandsignage
image10731.jpg,Food
image10736.jpg,Food
image10737.jpg,misc
image10739.jpg,Decorationandsignage
image10740.jpg,Food
image10743.jpg,Food
image10744.jpg,Food
image10746.jpg,Food
image10747.jpg,Food
image10748.jpg,Decorationandsignage
image10749.jpg,Food
image10752.jpg,Attire
image10755.jpg,Food
image10756.jpg,Attire
image10760.jpg,Food
image10761.jpg,Food
image10764.jpg,Decorationandsignage
image10765.jpg,Food
image10768.jpg,Food
image10770.jpg,Attire
image10772.jpg,Food
image10774.jpg,Food
image10777.jpg,Attire
image10780.jpg,misc
image10784.jpg,Food
image10788.jpg,Food
image10789.jpg,Attire
image10804.jpg,Attire
image10809.jpg,Food
image10810.jpg,Food
image10813.jpg,misc
image10819.jpg,Food
image10821.jpg,Attire
image10825.jpg,Food
image10827.jpg,Food
image10828.jpg,Decorationandsignage
image10829.jpg,Food
image10830.jpg,misc
image10831.jpg,misc
image10832.jpg,misc
image10835.jpg,Food
image10836.jpg,Food
image10837.jpg,Food
image10845.jpg,Food
image10846.jpg,Decorationandsignage
image10850.jpg,misc
image10858.jpg,Food
image10859.jpg,Attire
image10860.jpg,Decorationandsignage
image10867.jpg,Attire
image10871.jpg,misc
image10872.jpg,Food
image10874.jpg,misc
image10876.jpg,Food
image10877.jpg,Food
image10884.jpg,Attire
image10886.jpg,Food
image10889.jpg,Food
